{"cameraMode":{"drawMode":0,"name":"Shaded","section":"Shading Mode"},"sceneLighting":false,"audioPlay":false,"sceneViewState":{"showFog":true,"showMaterialUpdate":false,"showSkybox":false,"showFlares":true,"showImageEffects":true,"showParticleSystems":true},"in2DMode":false,"pivot":{"x":108.74160766601563,"y":-3.6271209716796877,"z":-5.940804481506348},"rotation":{"x":-0.11723868548870087,"y":-0.7041810750961304,"z":0.11965271830558777,"w":-0.6899763941764832},"size":143.9351043701172,"orthographic":false}