{"cameraMode":{"drawMode":0,"name":"Shaded","section":"Shading Mode"},"sceneLighting":false,"audioPlay":false,"sceneViewState":{"showFog":true,"showMaterialUpdate":false,"showSkybox":false,"showFlares":true,"showImageEffects":true,"showParticleSystems":true},"in2DMode":false,"pivot":{"x":14.929414749145508,"y":0.7675862312316895,"z":-0.202783465385437},"rotation":{"x":0.0789647027850151,"y":-0.7940759658813477,"z":0.10568252950906754,"w":0.5933288931846619},"size":9.857176780700684,"orthographic":false}