{"cameraMode":{"drawMode":0,"name":"Shaded","section":"Shading Mode"},"sceneLighting":false,"audioPlay":false,"sceneViewState":{"showFog":true,"showMaterialUpdate":false,"showSkybox":false,"showFlares":true,"showImageEffects":true,"showParticleSystems":true},"in2DMode":false,"pivot":{"x":25.051673889160158,"y":-9.277366638183594,"z":10.367652893066407},"rotation":{"x":0.23621828854084016,"y":0.24040478467941285,"z":-0.06044116988778114,"w":0.9395495653152466},"size":53.123130798339847,"orthographic":false}