{"cameraMode":{"drawMode":0,"name":"Shaded","section":"Shading Mode"},"sceneLighting":false,"audioPlay":false,"sceneViewState":{"showFog":true,"showMaterialUpdate":false,"showSkybox":false,"showFlares":true,"showImageEffects":true,"showParticleSystems":true},"in2DMode":false,"pivot":{"x":18.19934844970703,"y":1.1733818054199219,"z":2.0409018993377687},"rotation":{"x":0.11855164170265198,"y":0.8279803395271301,"z":-0.1910824477672577,"w":0.5136940479278565},"size":6.143974304199219,"orthographic":false}