{"cameraMode":{"drawMode":0,"name":"Shaded","section":"Shading Mode"},"sceneLighting":false,"audioPlay":false,"sceneViewState":{"showFog":true,"showMaterialUpdate":false,"showSkybox":false,"showFlares":true,"showImageEffects":true,"showParticleSystems":true},"in2DMode":false,"pivot":{"x":14.678086280822754,"y":1.1901443004608155,"z":-1.7138738632202149},"rotation":{"x":-0.2263679802417755,"y":0.10874252021312714,"z":-0.025439249351620675,"w":-0.967618465423584},"size":9.708880424499512,"orthographic":false}