{"cameraMode":{"drawMode":0,"name":"Shaded","section":"Shading Mode"},"sceneLighting":false,"audioPlay":false,"sceneViewState":{"showFog":true,"showMaterialUpdate":false,"showSkybox":false,"showFlares":true,"showImageEffects":true,"showParticleSystems":true},"in2DMode":false,"pivot":{"x":-1.0399999618530274,"y":1.0,"z":-4.8600006103515629},"rotation":{"x":0.17323508858680726,"y":0.5765947699546814,"z":-0.12670546770095826,"w":0.7883361577987671},"size":13.736722946166993,"orthographic":false}