{"cameraMode":{"drawMode":0,"name":"Shaded","section":"Shading Mode"},"sceneLighting":false,"audioPlay":false,"sceneViewState":{"showFog":true,"showMaterialUpdate":false,"showSkybox":false,"showFlares":true,"showImageEffects":true,"showParticleSystems":true},"in2DMode":false,"pivot":{"x":-3.886631965637207,"y":-0.5727450847625732,"z":-0.987696647644043},"rotation":{"x":-0.1276005506515503,"y":-0.5546957850456238,"z":0.08656583726406098,"w":-0.8176411390304565},"size":11.830780982971192,"orthographic":false}