{"cameraMode":{"drawMode":0,"name":"Shaded","section":"Shading Mode"},"sceneLighting":true,"audioPlay":false,"sceneViewState":{"showFog":true,"showMaterialUpdate":false,"showSkybox":true,"showFlares":true,"showImageEffects":true,"showParticleSystems":true},"in2DMode":false,"pivot":{"x":296.4586181640625,"y":45.47554016113281,"z":722.0964965820313},"rotation":{"x":0.03565123677253723,"y":-0.18833935260772706,"z":0.006841575261205435,"w":0.9814329147338867},"size":1147.0599365234375,"orthographic":false}