{"cameraMode":{"drawMode":0,"name":"Shaded","section":"Shading Mode"},"sceneLighting":false,"audioPlay":false,"sceneViewState":{"showFog":true,"showMaterialUpdate":false,"showSkybox":false,"showFlares":true,"showImageEffects":true,"showParticleSystems":true},"in2DMode":false,"pivot":{"x":-7.426257133483887,"y":-2.125570058822632,"z":-10.435416221618653},"rotation":{"x":-0.31205517053604128,"y":-0.2958329916000366,"z":0.10292331129312515,"w":-0.8969455361366272},"size":12.301746368408204,"orthographic":false}