{"cameraMode":{"drawMode":0,"name":"Shaded","section":"Shading Mode"},"sceneLighting":false,"audioPlay":false,"sceneViewState":{"showFog":true,"showMaterialUpdate":false,"showSkybox":false,"showFlares":true,"showImageEffects":true,"showParticleSystems":true},"in2DMode":false,"pivot":{"x":1.0549997091293336,"y":0.5385284423828125,"z":1.9960576295852662},"rotation":{"x":-0.07028476148843765,"y":-0.30185091495513918,"z":0.02231968566775322,"w":-0.9504988193511963},"size":4.705173492431641,"orthographic":false}