{"cameraMode":{"drawMode":0,"name":"Shaded","section":"Shading Mode"},"sceneLighting":false,"audioPlay":false,"sceneViewState":{"showFog":true,"showMaterialUpdate":false,"showSkybox":false,"showFlares":true,"showImageEffects":true,"showParticleSystems":true},"in2DMode":false,"pivot":{"x":12.191604614257813,"y":-4.565010070800781,"z":-18.78525733947754},"rotation":{"x":-0.09546443819999695,"y":-0.6906528472900391,"z":0.09275404363870621,"w":-0.710831880569458},"size":37.82395935058594,"orthographic":false}