{"cameraMode":{"drawMode":0,"name":"Shaded","section":"Shading Mode"},"sceneLighting":true,"audioPlay":false,"sceneViewState":{"showFog":true,"showMaterialUpdate":true,"showSkybox":true,"showFlares":true,"showImageEffects":true,"showParticleSystems":true},"in2DMode":false,"pivot":{"x":19.579540252685548,"y":-16.688234329223634,"z":2.280250072479248},"rotation":{"x":0.3077831566333771,"y":0.5463593602180481,"z":-0.22554205358028413,"w":0.7455815076828003},"size":70.66889190673828,"orthographic":false}