{"cameraMode":{"drawMode":0,"name":"Shaded","section":"Shading Mode"},"sceneLighting":false,"audioPlay":false,"sceneViewState":{"showFog":true,"showMaterialUpdate":true,"showSkybox":false,"showFlares":true,"showImageEffects":true,"showParticleSystems":true},"in2DMode":false,"pivot":{"x":4.880000114440918,"y":0.0,"z":-4.8600006103515629},"rotation":{"x":0.030686769634485246,"y":-0.3671920895576477,"z":0.012121760286390782,"w":0.9295598268508911},"size":165.01651000976563,"orthographic":false}